timestamp,guid,soil_moisture_content,temperature_celsius
2025-05-01T00:00:00,s01,20.13,18.8
2025-05-01T00:00:00,s02,10.05,14.48
2025-05-01T00:00:00,s03,10.39,13.32
2025-05-01T01:00:00,s01,22.42,19.97
2025-05-01T01:00:00,s02,10.99,15.6
2025-05-01T01:00:00,s03,15.22,12.4
2025-05-01T02:00:00,s01,13.19,13.8
2025-05-01T02:00:00,s02,19.09,19.97
2025-05-01T02:00:00,s03,21.66,16.19
2025-05-01T03:00:00,s01,18.31,10.05
2025-05-01T03:00:00,s02,20.31,12.61
2025-05-01T03:00:00,s03,18.46,16.32
2025-05-01T04:00:00,s01,22.24,18.56
2025-05-01T04:00:00,s02,14.77,17.38
2025-05-01T04:00:00,s03,10.84,15.33
2025-05-01T05:00:00,s01,14.51,13.19
2025-05-01T05:00:00,s02,20.26,17.38
2025-05-01T05:00:00,s03,24.6,11.44
2025-05-01T06:00:00,s01,20.3,18.82
2025-05-01T06:00:00,s02,18.33,19.27
2025-05-01T06:00:00,s03,15.03,13.74
2025-05-01T07:00:00,s01,15.56,14.73
2025-05-01T07:00:00,s02,10.71,18.48
2025-05-01T07:00:00,s03,14.25,12.03
2025-05-01T08:00:00,s01,15.52,10.65
2025-05-01T08:00:00,s02,22.91,17.58
2025-05-01T08:00:00,s03,14.33,14.8
2025-05-01T09:00:00,s01,13.6,13.81
2025-05-01T09:00:00,s02,12.51,11.66
2025-05-01T09:00:00,s03,24.06,10.84
2025-05-01T10:00:00,s01,19.79,14.01
2025-05-01T10:00:00,s02,14.15,19.52
2025-05-01T10:00:00,s03,14.21,17
2025-05-01T11:00:00,s01,14.07,14.76
2025-05-01T11:00:00,s02,21.59,13.46
2025-05-01T11:00:00,s03,13.55,17.9
2025-05-01T12:00:00,s01,13.97,17.09
2025-05-01T12:00:00,s02,15.63,12.43
2025-05-01T12:00:00,s03,19.17,11.88
2025-05-01T13:00:00,s01,21.47,19.48
2025-05-01T13:00:00,s02,23.51,16.61
2025-05-01T13:00:00,s03,16.77,18.63
2025-05-01T14:00:00,s01,13.12,15.53
2025-05-01T14:00:00,s02,21.69,19.96
2025-05-01T14:00:00,s03,20.5,15.35
2025-05-01T15:00:00,s01,21.29,15.87
2025-05-01T15:00:00,s02,14.99,16.4
2025-05-01T15:00:00,s03,19.08,11.46
2025-05-01T16:00:00,s01,13.59,10.45
2025-05-01T16:00:00,s02,19.44,13.31
2025-05-01T16:00:00,s03,10.9,16.55
2025-05-01T17:00:00,s01,11.42,19.46
2025-05-01T17:00:00,s02,18.45,13.95
2025-05-01T17:00:00,s03,13.71,12.03
2025-05-01T18:00:00,s01,22.97,15.12
2025-05-01T18:00:00,s02,18.77,16.62
2025-05-01T18:00:00,s03,11.17,13.47
2025-05-01T19:00:00,s01,22.01,15.28
2025-05-01T19:00:00,s02,23.97,11.08
2025-05-01T19:00:00,s03,20.61,12.69
2025-05-01T20:00:00,s01,16.2,15.25
2025-05-01T20:00:00,s02,15.52,16.74
2025-05-01T20:00:00,s03,21.8,16.96
2025-05-01T21:00:00,s01,24.19,11.87
2025-05-01T21:00:00,s02,14.07,13.47
2025-05-01T21:00:00,s03,16.3,14.5
2025-05-01T22:00:00,s01,16.01,13.62
2025-05-01T22:00:00,s02,15.4,19.69
2025-05-01T22:00:00,s03,10.16,16.09
2025-05-01T23:00:00,s01,20.31,16.37
2025-05-01T23:00:00,s02,18.54,13.32
2025-05-01T23:00:00,s03,20.19,19.67
2025-05-02T00:00:00,s01,20.2,14.25
2025-05-02T00:00:00,s02,20.49,13.15
2025-05-02T00:00:00,s03,21.83,11.81
2025-05-02T01:00:00,s01,12.64,13.84
2025-05-02T01:00:00,s02,15.87,11.78
2025-05-02T01:00:00,s03,12.31,15.14
2025-05-02T02:00:00,s01,14.15,15.72
2025-05-02T02:00:00,s02,17.1,12.89
2025-05-02T02:00:00,s03,22.12,18.05
2025-05-02T03:00:00,s01,24.7,19.59
2025-05-02T03:00:00,s02,22.74,14.35
2025-05-02T03:00:00,s03,21.99,10.54
2025-05-02T04:00:00,s01,13.69,11.69
2025-05-02T04:00:00,s02,22.35,14.04
2025-05-02T04:00:00,s03,16.58,11.98
2025-05-02T05:00:00,s01,14,18.61
2025-05-02T05:00:00,s02,10.91,14.55
2025-05-02T05:00:00,s03,20.64,18.67
2025-05-02T06:00:00,s01,12.77,14.46
2025-05-02T06:00:00,s02,20.05,12.06
2025-05-02T06:00:00,s03,14.28,10.16
2025-05-02T07:00:00,s01,17.61,14.95
2025-05-02T07:00:00,s02,13.65,19.85
2025-05-02T07:00:00,s03,11.1,18.3
2025-05-02T08:00:00,s01,22.34,15.44
2025-05-02T08:00:00,s02,17.57,13.83
2025-05-02T08:00:00,s03,10.05,17.85
2025-05-02T09:00:00,s01,20.46,12.89
2025-05-02T09:00:00,s02,16.27,18.74
2025-05-02T09:00:00,s03,18.95,17.43
2025-05-02T10:00:00,s01,10.88,13.68
2025-05-02T10:00:00,s02,14.8,10.56
2025-05-02T10:00:00,s03,21.51,16.17
2025-05-02T11:00:00,s01,23.87,14.68
2025-05-02T11:00:00,s02,12.15,16.41
2025-05-02T11:00:00,s03,13.97,16.53
2025-05-02T12:00:00,s01,19.69,14.32
2025-05-02T12:00:00,s02,12.85,18.3
2025-05-02T12:00:00,s03,20.71,16.7
2025-05-02T13:00:00,s01,15.14,14.22
2025-05-02T13:00:00,s02,17.48,15.97
2025-05-02T13:00:00,s03,21.81,17.25
2025-05-02T14:00:00,s01,16.1,15.73
2025-05-02T14:00:00,s02,19.14,12.58
2025-05-02T14:00:00,s03,10.17,19.33
2025-05-02T15:00:00,s01,21.68,13.63
2025-05-02T15:00:00,s02,14.03,19.71
2025-05-02T15:00:00,s03,19.17,18.31
2025-05-02T16:00:00,s01,14.91,15.87
2025-05-02T16:00:00,s02,11.41,17.31
2025-05-02T16:00:00,s03,22.74,17.48
2025-05-02T17:00:00,s01,16.86,15.86
2025-05-02T17:00:00,s02,23.37,18.62
2025-05-02T17:00:00,s03,12.98,16.91
2025-05-02T18:00:00,s01,17.44,11.66
2025-05-02T18:00:00,s02,14.44,19.05
2025-05-02T18:00:00,s03,15.24,13.71
2025-05-02T19:00:00,s01,21.01,11.26
2025-05-02T19:00:00,s02,19.25,11.57
2025-05-02T19:00:00,s03,22.93,15.33
2025-05-02T20:00:00,s01,22.78,19.53
2025-05-02T20:00:00,s02,16.18,15.55
2025-05-02T20:00:00,s03,16.02,18.69
2025-05-02T21:00:00,s01,17.58,12.35
2025-05-02T21:00:00,s02,18.52,12.93
2025-05-02T21:00:00,s03,16.42,12.92
2025-05-02T22:00:00,s01,14.32,10.42
2025-05-02T22:00:00,s02,14.18,18.46
2025-05-02T22:00:00,s03,13.49,10.11
2025-05-02T23:00:00,s01,15.85,14.07
2025-05-02T23:00:00,s02,23.65,10.85
2025-05-02T23:00:00,s03,10.51,15.77
2025-05-03T00:00:00,s01,19.68,13.46
2025-05-03T00:00:00,s02,21.39,14.07
2025-05-03T00:00:00,s03,18.4,14.69
2025-05-03T01:00:00,s01,11.99,17.49
2025-05-03T01:00:00,s02,14.22,16.42
2025-05-03T01:00:00,s03,22.22,15.62
2025-05-03T02:00:00,s01,17.14,19.43
2025-05-03T02:00:00,s02,17.25,10.48
2025-05-03T02:00:00,s03,16,17.42
2025-05-03T03:00:00,s01,13.96,11.68
2025-05-03T03:00:00,s02,15.08,12.03
2025-05-03T03:00:00,s03,15.02,12.05
2025-05-03T04:00:00,s01,16.48,12.07
2025-05-03T04:00:00,s02,24.04,17.11
2025-05-03T04:00:00,s03,12.04,16.02
2025-05-03T05:00:00,s01,24.82,15.14
2025-05-03T05:00:00,s02,23.27,16
2025-05-03T05:00:00,s03,15.87,16.03
2025-05-03T06:00:00,s01,13,18.29
2025-05-03T06:00:00,s02,14.98,15.62
2025-05-03T06:00:00,s03,18.53,14.53
2025-05-03T07:00:00,s01,24.57,18.69
2025-05-03T07:00:00,s02,17.54,14.48
2025-05-03T07:00:00,s03,12.27,15.5
2025-05-03T08:00:00,s01,12.19,14.58
2025-05-03T08:00:00,s02,20.46,13.62
2025-05-03T08:00:00,s03,15.32,18.77
2025-05-03T09:00:00,s01,23.24,12.97
2025-05-03T09:00:00,s02,10.13,12.34
2025-05-03T09:00:00,s03,10.07,17.28
2025-05-03T10:00:00,s01,21.52,12.96
2025-05-03T10:00:00,s02,19.55,13.6
2025-05-03T10:00:00,s03,15.8,14.93
2025-05-03T11:00:00,s01,19.48,14.91
2025-05-03T11:00:00,s02,16.43,12.19
2025-05-03T11:00:00,s03,10.43,18.96
2025-05-03T12:00:00,s01,21.02,12.39
2025-05-03T12:00:00,s02,13.63,13.09
2025-05-03T12:00:00,s03,20,14.04
2025-05-03T13:00:00,s01,24.36,13.03
2025-05-03T13:00:00,s02,20.92,10.98
2025-05-03T13:00:00,s03,24.46,13.51
2025-05-03T14:00:00,s01,17.14,13.05
2025-05-03T14:00:00,s02,23.88,10.07
2025-05-03T14:00:00,s03,20.77,19.33
2025-05-03T15:00:00,s01,23.83,15.18
2025-05-03T15:00:00,s02,24.31,18.18
2025-05-03T15:00:00,s03,20.63,16.92
2025-05-03T16:00:00,s01,24.39,13.74
2025-05-03T16:00:00,s02,13.67,14.07
2025-05-03T16:00:00,s03,19.97,11.89
2025-05-03T17:00:00,s01,10.38,18.38
2025-05-03T17:00:00,s02,12.98,10.06
2025-05-03T17:00:00,s03,24.81,18.43
2025-05-03T18:00:00,s01,15.18,10.54
2025-05-03T18:00:00,s02,13.34,17.5
2025-05-03T18:00:00,s03,15.86,15.79
2025-05-03T19:00:00,s01,23.74,12.62
2025-05-03T19:00:00,s02,17.94,17.95
2025-05-03T19:00:00,s03,11.38,15.12
2025-05-03T20:00:00,s01,18.11,15.89
2025-05-03T20:00:00,s02,19.17,11.99
2025-05-03T20:00:00,s03,24.95,13.71
2025-05-03T21:00:00,s01,17.91,19.68
2025-05-03T21:00:00,s02,19.08,16.46
2025-05-03T21:00:00,s03,14.78,16.08
2025-05-03T22:00:00,s01,23.28,18.47
2025-05-03T22:00:00,s02,11.97,11.5
2025-05-03T22:00:00,s03,17.72,17
2025-05-03T23:00:00,s01,21.76,10.28
2025-05-03T23:00:00,s02,17.76,18.98
2025-05-03T23:00:00,s03,13.62,17.69
2025-05-04T00:00:00,s01,21.78,17.18
2025-05-04T00:00:00,s02,20.09,19.98
2025-05-04T00:00:00,s03,20.54,10.22
2025-05-04T01:00:00,s01,13.3,15.96
2025-05-04T01:00:00,s02,10.99,19.82
2025-05-04T01:00:00,s03,12.16,12.51
2025-05-04T02:00:00,s01,13.29,16.2
2025-05-04T02:00:00,s02,16.95,13.98
2025-05-04T02:00:00,s03,16.69,15.36
2025-05-04T03:00:00,s01,11.83,12.28
2025-05-04T03:00:00,s02,16.21,16.09
2025-05-04T03:00:00,s03,22.9,12.35
2025-05-04T04:00:00,s01,19.89,12.04
2025-05-04T04:00:00,s02,13.26,13.16
2025-05-04T04:00:00,s03,18.43,19.06
2025-05-04T05:00:00,s01,12.5,16.81
2025-05-04T05:00:00,s02,19.72,15.13
2025-05-04T05:00:00,s03,17.4,12.71
2025-05-04T06:00:00,s01,13.62,12.19
2025-05-04T06:00:00,s02,14.86,14.58
2025-05-04T06:00:00,s03,10.39,10.67
2025-05-04T07:00:00,s01,13.42,18.6
2025-05-04T07:00:00,s02,11.37,15.5
2025-05-04T07:00:00,s03,14.8,18.02
2025-05-04T08:00:00,s01,19.24,16.23
2025-05-04T08:00:00,s02,16.12,10.16
2025-05-04T08:00:00,s03,22.33,17.06
2025-05-04T09:00:00,s01,15.64,11.58
2025-05-04T09:00:00,s02,17.32,11.8
2025-05-04T09:00:00,s03,23.97,16.09
2025-05-04T10:00:00,s01,17.85,12.87
2025-05-04T10:00:00,s02,17.53,18.87
2025-05-04T10:00:00,s03,10.55,15.53
2025-05-04T11:00:00,s01,12.33,17.95
2025-05-04T11:00:00,s02,16.98,11.44
2025-05-04T11:00:00,s03,19.38,13.31
2025-05-04T12:00:00,s01,21.52,10.89
2025-05-04T12:00:00,s02,20.81,19.51
2025-05-04T12:00:00,s03,16.83,12.26
2025-05-04T13:00:00,s01,21.24,13.71
2025-05-04T13:00:00,s02,15.85,18.05
2025-05-04T13:00:00,s03,15.44,10.41
2025-05-04T14:00:00,s01,14.65,17.68
2025-05-04T14:00:00,s02,20.77,16.07
2025-05-04T14:00:00,s03,11.65,19.49
2025-05-04T15:00:00,s01,18,18.34
2025-05-04T15:00:00,s02,24.97,19.42
2025-05-04T15:00:00,s03,13.58,10.72
2025-05-04T16:00:00,s01,16.28,13.8
2025-05-04T16:00:00,s02,20.2,13.86
2025-05-04T16:00:00,s03,14.71,12.91
2025-05-04T17:00:00,s01,11.14,13.95
2025-05-04T17:00:00,s02,23.91,12.84
2025-05-04T17:00:00,s03,21.27,10.3
2025-05-04T18:00:00,s01,16.92,15.35
2025-05-04T18:00:00,s02,19.53,11.6
2025-05-04T18:00:00,s03,22.8,14.64
2025-05-04T19:00:00,s01,14.57,13.46
2025-05-04T19:00:00,s02,15.83,15.03
2025-05-04T19:00:00,s03,21.81,11.08
2025-05-04T20:00:00,s01,22.81,11.97
2025-05-04T20:00:00,s02,21.11,19.14
2025-05-04T20:00:00,s03,15.02,10.76
2025-05-04T21:00:00,s01,15.28,16.49
2025-05-04T21:00:00,s02,13.46,16.14
2025-05-04T21:00:00,s03,14.62,11.9
2025-05-04T22:00:00,s01,13.79,18.51
2025-05-04T22:00:00,s02,17.2,16.89
2025-05-04T22:00:00,s03,12.99,17.1
2025-05-04T23:00:00,s01,19.33,14.62
2025-05-04T23:00:00,s02,24.47,17.55
2025-05-04T23:00:00,s03,18.4,14.45
2025-05-05T00:00:00,s01,23.14,17.69
2025-05-05T00:00:00,s02,16.95,15.82
2025-05-05T00:00:00,s03,23.24,11.22
2025-05-05T01:00:00,s01,22.48,16.87
2025-05-05T01:00:00,s02,16.42,19.22
2025-05-05T01:00:00,s03,22.69,15.8
2025-05-05T02:00:00,s01,21.75,11.98
2025-05-05T02:00:00,s02,19.42,11.61
2025-05-05T02:00:00,s03,12.24,16.24
2025-05-05T03:00:00,s01,19.22,14.2
2025-05-05T03:00:00,s02,16.71,10.87
2025-05-05T03:00:00,s03,15.4,18.41
2025-05-05T04:00:00,s01,23.98,18.52
2025-05-05T04:00:00,s02,19.9,10.78
2025-05-05T04:00:00,s03,24.07,15.21
2025-05-05T05:00:00,s01,22.56,15.11
2025-05-05T05:00:00,s02,20.12,12.73
2025-05-05T05:00:00,s03,22.86,15.18
2025-05-05T06:00:00,s01,10.93,15.46
2025-05-05T06:00:00,s02,14.58,16.09
2025-05-05T06:00:00,s03,16.63,16.71
2025-05-05T07:00:00,s01,20.06,14.16
2025-05-05T07:00:00,s02,20.37,11.13
2025-05-05T07:00:00,s03,17.55,13.04
2025-05-05T08:00:00,s01,16.74,14.68
2025-05-05T08:00:00,s02,13.57,12.74
2025-05-05T08:00:00,s03,12.65,14.04
2025-05-05T09:00:00,s01,19.77,15.44
2025-05-05T09:00:00,s02,14.21,19.5
2025-05-05T09:00:00,s03,17.23,15.24
2025-05-05T10:00:00,s01,10.11,19.9
2025-05-05T10:00:00,s02,21.69,10.36
2025-05-05T10:00:00,s03,15.57,18.2
2025-05-05T11:00:00,s01,23.29,13.15
2025-05-05T11:00:00,s02,16.67,13.38
2025-05-05T11:00:00,s03,20.65,14.92
2025-05-05T12:00:00,s01,18.46,13.43
2025-05-05T12:00:00,s02,12.17,15.87
2025-05-05T12:00:00,s03,25,12.23
2025-05-05T13:00:00,s01,12.89,19.35
2025-05-05T13:00:00,s02,13,19.47
2025-05-05T13:00:00,s03,14.93,13.43
2025-05-05T14:00:00,s01,19.68,18.66
2025-05-05T14:00:00,s02,24.27,18.96
2025-05-05T14:00:00,s03,21.04,14.96
2025-05-05T15:00:00,s01,14.38,16.1
2025-05-05T15:00:00,s02,11.42,16.7
2025-05-05T15:00:00,s03,11.88,17.86
2025-05-05T16:00:00,s01,20.72,11.82
2025-05-05T16:00:00,s02,22.32,18.14
2025-05-05T16:00:00,s03,12.74,19.36
2025-05-05T17:00:00,s01,13.04,12.98
2025-05-05T17:00:00,s02,13.67,15.17
2025-05-05T17:00:00,s03,24.35,14.5
2025-05-05T18:00:00,s01,19.61,17.42
2025-05-05T18:00:00,s02,19.22,19.94
2025-05-05T18:00:00,s03,18.31,18.89
2025-05-05T19:00:00,s01,23.31,19.57
2025-05-05T19:00:00,s02,17.96,11.42
2025-05-05T19:00:00,s03,11.03,15.45
2025-05-05T20:00:00,s01,14.53,15.76
2025-05-05T20:00:00,s02,17.14,19.51
2025-05-05T20:00:00,s03,13.64,17.22
2025-05-05T21:00:00,s01,16.97,16.86
2025-05-05T21:00:00,s02,19.23,13.01
2025-05-05T21:00:00,s03,20.41,19.33
2025-05-05T22:00:00,s01,15.71,10.21
2025-05-05T22:00:00,s02,16.57,17.84
2025-05-05T22:00:00,s03,15.04,18.29
2025-05-05T23:00:00,s01,20.53,10.16
2025-05-05T23:00:00,s02,19.28,10.12
2025-05-05T23:00:00,s03,11.44,10.5
2025-05-06T00:00:00,s01,21.71,11.83
2025-05-06T00:00:00,s02,17.63,19.37
2025-05-06T00:00:00,s03,17.63,16.87
2025-05-06T01:00:00,s01,13.17,16.11
2025-05-06T01:00:00,s02,22.57,16.37
2025-05-06T01:00:00,s03,13.48,18.98
2025-05-06T02:00:00,s01,11.19,12.66
2025-05-06T02:00:00,s02,21.38,18.3
2025-05-06T02:00:00,s03,24.56,17.59
2025-05-06T03:00:00,s01,20.06,10.99
2025-05-06T03:00:00,s02,24.9,11.73
2025-05-06T03:00:00,s03,20.64,12.82
2025-05-06T04:00:00,s01,14.04,12.31
2025-05-06T04:00:00,s02,13.83,18.73
2025-05-06T04:00:00,s03,15.18,16.7
2025-05-06T05:00:00,s01,23.47,10.49
2025-05-06T05:00:00,s02,24.05,11.46
2025-05-06T05:00:00,s03,21.13,14.12
2025-05-06T06:00:00,s01,17.04,10.41
2025-05-06T06:00:00,s02,24.33,18.33
2025-05-06T06:00:00,s03,15.72,18.93
2025-05-06T07:00:00,s01,16.12,15.88
2025-05-06T07:00:00,s02,11.82,14.44
2025-05-06T07:00:00,s03,14.08,12.63
2025-05-06T08:00:00,s01,21.98,11.34
2025-05-06T08:00:00,s02,12.33,16.89
2025-05-06T08:00:00,s03,16.55,16.28
2025-05-06T09:00:00,s01,14.77,11.61
2025-05-06T09:00:00,s02,10.8,14.08
2025-05-06T09:00:00,s03,11.47,11.74
2025-05-06T10:00:00,s01,17.9,13.11
2025-05-06T10:00:00,s02,11.78,17.69
2025-05-06T10:00:00,s03,24.5,18.79
2025-05-06T11:00:00,s01,16.55,11.67
2025-05-06T11:00:00,s02,24.24,11.02
2025-05-06T11:00:00,s03,20.87,18.36
2025-05-06T12:00:00,s01,12.77,15.65
2025-05-06T12:00:00,s02,12.84,19.6
2025-05-06T12:00:00,s03,12.73,13.06
2025-05-06T13:00:00,s01,11.46,15.69
2025-05-06T13:00:00,s02,23.57,12.11
2025-05-06T13:00:00,s03,13.95,14.21
2025-05-06T14:00:00,s01,24.71,17.71
2025-05-06T14:00:00,s02,15.35,16.69
2025-05-06T14:00:00,s03,10.21,15.01
2025-05-06T15:00:00,s01,23.84,15.11
2025-05-06T15:00:00,s02,13.6,19.71
2025-05-06T15:00:00,s03,23.16,10.6
2025-05-06T16:00:00,s01,10.46,18.3
2025-05-06T16:00:00,s02,19.66,10.13
2025-05-06T16:00:00,s03,10.41,13.77
2025-05-06T17:00:00,s01,10.05,10.85
2025-05-06T17:00:00,s02,16.85,19.6
2025-05-06T17:00:00,s03,20.47,12.56
2025-05-06T18:00:00,s01,24.89,11.71
2025-05-06T18:00:00,s02,17.17,11.02
2025-05-06T18:00:00,s03,17.58,15.64
2025-05-06T19:00:00,s01,14.29,13.97
2025-05-06T19:00:00,s02,19.09,14.67
2025-05-06T19:00:00,s03,23.19,17.16
2025-05-06T20:00:00,s01,14.62,17.62
2025-05-06T20:00:00,s02,22.65,14.23
2025-05-06T20:00:00,s03,15.48,13.33
2025-05-06T21:00:00,s01,24.19,18.86
2025-05-06T21:00:00,s02,17.51,16.51
2025-05-06T21:00:00,s03,24.54,15.6
2025-05-06T22:00:00,s01,14.64,18.94
2025-05-06T22:00:00,s02,13.62,12.84
2025-05-06T22:00:00,s03,14.9,11.76
2025-05-06T23:00:00,s01,24.16,12.53
2025-05-06T23:00:00,s02,24.87,11.34
2025-05-06T23:00:00,s03,11.58,19.95
2025-05-07T00:00:00,s01,17.84,12.59
2025-05-07T00:00:00,s02,15.53,10.09
2025-05-07T00:00:00,s03,13.8,19.2
2025-05-07T01:00:00,s01,22.76,11.53
2025-05-07T01:00:00,s02,12.2,13.47
2025-05-07T01:00:00,s03,20.98,18.54
2025-05-07T02:00:00,s01,23.1,14.16
2025-05-07T02:00:00,s02,10.39,18.46
2025-05-07T02:00:00,s03,18.34,10.17
2025-05-07T03:00:00,s01,24.8,13.29
2025-05-07T03:00:00,s02,10.94,18.71
2025-05-07T03:00:00,s03,18.21,14.54
2025-05-07T04:00:00,s01,11.58,10.11
2025-05-07T04:00:00,s02,23.94,14.41
2025-05-07T04:00:00,s03,22.29,10.84
2025-05-07T05:00:00,s01,14.92,10.26
2025-05-07T05:00:00,s02,12.58,10.98
2025-05-07T05:00:00,s03,15.43,10.54
2025-05-07T06:00:00,s01,24.51,15.24
2025-05-07T06:00:00,s02,21.04,10.27
2025-05-07T06:00:00,s03,23.65,12.37
2025-05-07T07:00:00,s01,11.47,19.45
2025-05-07T07:00:00,s02,23.19,18.42
2025-05-07T07:00:00,s03,13.97,16.76
2025-05-07T08:00:00,s01,17.24,17.66
2025-05-07T08:00:00,s02,17.76,16.57
2025-05-07T08:00:00,s03,20.35,17.25
2025-05-07T09:00:00,s01,11.41,13.15
2025-05-07T09:00:00,s02,23.7,14.63
2025-05-07T09:00:00,s03,11.18,17.08
2025-05-07T10:00:00,s01,20.9,14.42
2025-05-07T10:00:00,s02,17.02,17.28
2025-05-07T10:00:00,s03,10.84,17.36
2025-05-07T11:00:00,s01,14.94,16.64
2025-05-07T11:00:00,s02,10.85,13.97
2025-05-07T11:00:00,s03,12.94,10.52
2025-05-07T12:00:00,s01,22.29,18.08
2025-05-07T12:00:00,s02,10.79,15.45
2025-05-07T12:00:00,s03,22.14,15.36
2025-05-07T13:00:00,s01,18.86,19.12
2025-05-07T13:00:00,s02,17.9,13.02
2025-05-07T13:00:00,s03,22.24,17.31
2025-05-07T14:00:00,s01,14.94,14.79
2025-05-07T14:00:00,s02,13.61,17.46
2025-05-07T14:00:00,s03,19.8,11.73
2025-05-07T15:00:00,s01,21.38,15.81
2025-05-07T15:00:00,s02,10.25,17.59
2025-05-07T15:00:00,s03,13.21,19.62
2025-05-07T16:00:00,s01,19.81,17.54
2025-05-07T16:00:00,s02,17.61,14.31
2025-05-07T16:00:00,s03,13.4,12.24
2025-05-07T17:00:00,s01,15.76,12.47
2025-05-07T17:00:00,s02,21.83,15.57
2025-05-07T17:00:00,s03,18,14.56
2025-05-07T18:00:00,s01,10.67,14.03
2025-05-07T18:00:00,s02,23.15,15.75
2025-05-07T18:00:00,s03,10.57,12.87
2025-05-07T19:00:00,s01,18.99,15.8
2025-05-07T19:00:00,s02,11.23,10.05
2025-05-07T19:00:00,s03,15.63,19.55
2025-05-07T20:00:00,s01,13.67,10.69
2025-05-07T20:00:00,s02,23.26,18.09
2025-05-07T20:00:00,s03,18.13,17.99
2025-05-07T21:00:00,s01,22.47,16.33
2025-05-07T21:00:00,s02,17.65,15.25
2025-05-07T21:00:00,s03,14.73,11.95
2025-05-07T22:00:00,s01,12.66,10.7
2025-05-07T22:00:00,s02,13.15,18.48
2025-05-07T22:00:00,s03,13.84,11.82
2025-05-07T23:00:00,s01,11.61,16.22
2025-05-07T23:00:00,s02,18.62,14.38
2025-05-07T23:00:00,s03,22.91,11.07
2025-05-08T00:00:00,s01,17.03,10.78
2025-05-08T00:00:00,s02,23.6,11.45
2025-05-08T00:00:00,s03,17.06,19.11
2025-05-08T01:00:00,s01,21.87,13.24
2025-05-08T01:00:00,s02,14.06,16.41
2025-05-08T01:00:00,s03,21.67,15.64
2025-05-08T02:00:00,s01,12,11.48
2025-05-08T02:00:00,s02,12.27,13.93
2025-05-08T02:00:00,s03,23.67,10.41
2025-05-08T03:00:00,s01,23.67,15.96
2025-05-08T03:00:00,s02,18.95,19.81
2025-05-08T03:00:00,s03,13.67,15.38
2025-05-08T04:00:00,s01,17.02,13.78
2025-05-08T04:00:00,s02,21.44,15.45
2025-05-08T04:00:00,s03,15.37,10.31
2025-05-08T05:00:00,s01,12.76,15.43
2025-05-08T05:00:00,s02,19.47,16.63
2025-05-08T05:00:00,s03,20.51,11.32
2025-05-08T06:00:00,s01,14.92,13.03
2025-05-08T06:00:00,s02,17.27,15.77
2025-05-08T06:00:00,s03,10.88,16.52
2025-05-08T07:00:00,s01,23.45,19.9
2025-05-08T07:00:00,s02,19.02,13.49
2025-05-08T07:00:00,s03,22.09,11.62
2025-05-08T08:00:00,s01,21.53,18.48
2025-05-08T08:00:00,s02,19.09,13.08
2025-05-08T08:00:00,s03,17.48,18.73
2025-05-08T09:00:00,s01,12.54,19.22
2025-05-08T09:00:00,s02,15.64,15.74
2025-05-08T09:00:00,s03,11.6,14.05
2025-05-08T10:00:00,s01,12.68,10.35
2025-05-08T10:00:00,s02,12.48,11.42
2025-05-08T10:00:00,s03,19.74,15.73
2025-05-08T11:00:00,s01,18.83,14.94
2025-05-08T11:00:00,s02,14.01,15.36
2025-05-08T11:00:00,s03,19.55,10.7
2025-05-08T12:00:00,s01,13.92,16.92
2025-05-08T12:00:00,s02,23.72,12.83
2025-05-08T12:00:00,s03,21.35,10.5
2025-05-08T13:00:00,s01,16.06,19.6
2025-05-08T13:00:00,s02,11.32,16.25
2025-05-08T13:00:00,s03,19.23,15.34
2025-05-08T14:00:00,s01,12.27,13.23
2025-05-08T14:00:00,s02,18.83,17.48
2025-05-08T14:00:00,s03,20.63,19.88
2025-05-08T15:00:00,s01,22.14,17.92
2025-05-08T15:00:00,s02,13.26,15.65
2025-05-08T15:00:00,s03,15.85,14.38
2025-05-08T16:00:00,s01,16.29,10.06
2025-05-08T16:00:00,s02,11.26,15.78
2025-05-08T16:00:00,s03,10.01,18.47
2025-05-08T17:00:00,s01,15.92,18.11
2025-05-08T17:00:00,s02,21.43,16.45
2025-05-08T17:00:00,s03,16.21,12.86
2025-05-08T18:00:00,s01,10.33,11.57
2025-05-08T18:00:00,s02,10.77,14.94
2025-05-08T18:00:00,s03,11.63,19.52
2025-05-08T19:00:00,s01,10.24,15.45
2025-05-08T19:00:00,s02,11.28,17.28
2025-05-08T19:00:00,s03,20.27,13.02
2025-05-08T20:00:00,s01,18.45,11.75
2025-05-08T20:00:00,s02,20.12,11.59
2025-05-08T20:00:00,s03,11.69,19
2025-05-08T21:00:00,s01,22.32,16.46
2025-05-08T21:00:00,s02,20.44,16.67
2025-05-08T21:00:00,s03,20.37,10.02
2025-05-08T22:00:00,s01,13.53,15.33
2025-05-08T22:00:00,s02,22.77,11.75
2025-05-08T22:00:00,s03,23.35,10.2
2025-05-08T23:00:00,s01,24.12,10.04
2025-05-08T23:00:00,s02,24.28,12.8
2025-05-08T23:00:00,s03,11.17,14.72
2025-05-09T00:00:00,s01,11.9,10.72
2025-05-09T00:00:00,s02,21.92,10.43
2025-05-09T00:00:00,s03,21.95,12.91
2025-05-09T01:00:00,s01,17.93,15.58
2025-05-09T01:00:00,s02,22.37,19.23
2025-05-09T01:00:00,s03,10.71,19.79
2025-05-09T02:00:00,s01,10.52,14.47
2025-05-09T02:00:00,s02,16.2,18.22
2025-05-09T02:00:00,s03,17.71,10.35
2025-05-09T03:00:00,s01,10.86,14.58
2025-05-09T03:00:00,s02,19.2,13.37
2025-05-09T03:00:00,s03,15.86,13.22
2025-05-09T04:00:00,s01,15.82,14.97
2025-05-09T04:00:00,s02,14.97,17.09
2025-05-09T04:00:00,s03,19.37,11.21
2025-05-09T05:00:00,s01,13.26,11.35
2025-05-09T05:00:00,s02,19.88,11.46
2025-05-09T05:00:00,s03,18.31,14.81
2025-05-09T06:00:00,s01,13.95,11.52
2025-05-09T06:00:00,s02,15.98,12.19
2025-05-09T06:00:00,s03,23.5,13.2
2025-05-09T07:00:00,s01,23.32,18.81
2025-05-09T07:00:00,s02,16.76,12.2
2025-05-09T07:00:00,s03,24.01,18.67
2025-05-09T08:00:00,s01,10.13,11.43
2025-05-09T08:00:00,s02,12.62,16.71
2025-05-09T08:00:00,s03,22.61,10.59
2025-05-09T09:00:00,s01,12.29,16.74
2025-05-09T09:00:00,s02,14.17,12.81
2025-05-09T09:00:00,s03,21.07,11.53
2025-05-09T10:00:00,s01,17.98,15.8
2025-05-09T10:00:00,s02,17.66,14.35
2025-05-09T10:00:00,s03,20.99,11.76
2025-05-09T11:00:00,s01,15.4,16.16
2025-05-09T11:00:00,s02,19.71,14.91
2025-05-09T11:00:00,s03,15.34,17.29
2025-05-09T12:00:00,s01,16.57,17.37
2025-05-09T12:00:00,s02,13.35,16.31
2025-05-09T12:00:00,s03,21,19.16
2025-05-09T13:00:00,s01,14.91,16.41
2025-05-09T13:00:00,s02,23.66,16.67
2025-05-09T13:00:00,s03,16.38,16.66
2025-05-09T14:00:00,s01,22.56,17.84
2025-05-09T14:00:00,s02,16.09,14.87
2025-05-09T14:00:00,s03,24.36,15.98
2025-05-09T15:00:00,s01,22.24,10.97
2025-05-09T15:00:00,s02,16.04,19.13
2025-05-09T15:00:00,s03,24.26,12.41
2025-05-09T16:00:00,s01,21.35,16.45
2025-05-09T16:00:00,s02,12.32,11.9
2025-05-09T16:00:00,s03,20.74,13.23
2025-05-09T17:00:00,s01,11.87,19.66
2025-05-09T17:00:00,s02,15.58,13.77
2025-05-09T17:00:00,s03,12.36,19.31
2025-05-09T18:00:00,s01,14.11,19.42
2025-05-09T18:00:00,s02,18.63,18.05
2025-05-09T18:00:00,s03,21.29,14.32
2025-05-09T19:00:00,s01,18.74,15.05
2025-05-09T19:00:00,s02,10.14,10.25
2025-05-09T19:00:00,s03,23.86,16.51
2025-05-09T20:00:00,s01,20.77,16.14
2025-05-09T20:00:00,s02,11.04,10.98
2025-05-09T20:00:00,s03,21.76,15.32
2025-05-09T21:00:00,s01,19.26,15.01
2025-05-09T21:00:00,s02,13.64,15.31
2025-05-09T21:00:00,s03,16.68,11.72
2025-05-09T22:00:00,s01,22.77,11.01
2025-05-09T22:00:00,s02,23.15,19.06
2025-05-09T22:00:00,s03,22.32,13.79
2025-05-09T23:00:00,s01,11.05,12.03
2025-05-09T23:00:00,s02,17.06,18.81
2025-05-09T23:00:00,s03,22.31,15.75
2025-05-10T00:00:00,s01,14.73,11.5
2025-05-10T00:00:00,s02,11.82,19.32
2025-05-10T00:00:00,s03,15.36,18.51
2025-05-10T01:00:00,s01,12.44,19.86
2025-05-10T01:00:00,s02,11.62,15.72
2025-05-10T01:00:00,s03,12.44,19.46
2025-05-10T02:00:00,s01,11.88,12.44
2025-05-10T02:00:00,s02,19.08,17.99
2025-05-10T02:00:00,s03,18.84,15.72
2025-05-10T03:00:00,s01,24.24,19.98
2025-05-10T03:00:00,s02,11.41,15.5
2025-05-10T03:00:00,s03,14.88,16.91
2025-05-10T04:00:00,s01,23.04,19.64
2025-05-10T04:00:00,s02,18.61,10.95
2025-05-10T04:00:00,s03,18.22,19.38
2025-05-10T05:00:00,s01,10.42,13.53
2025-05-10T05:00:00,s02,16.93,19.5
2025-05-10T05:00:00,s03,10.82,14.19
2025-05-10T06:00:00,s01,12.44,18.97
2025-05-10T06:00:00,s02,24.65,13.54
2025-05-10T06:00:00,s03,23.31,16.44
2025-05-10T07:00:00,s01,18.93,15.1
2025-05-10T07:00:00,s02,14.73,12.76
2025-05-10T07:00:00,s03,19.2,10.73
2025-05-10T08:00:00,s01,15.65,17.97
2025-05-10T08:00:00,s02,18.63,18.13
2025-05-10T08:00:00,s03,15.45,10.05
2025-05-10T09:00:00,s01,18.14,10.69
2025-05-10T09:00:00,s02,22.53,13.88
2025-05-10T09:00:00,s03,20.2,17.91
2025-05-10T10:00:00,s01,15.7,19.58
2025-05-10T10:00:00,s02,18.45,13.07
2025-05-10T10:00:00,s03,11.34,13.39
2025-05-10T11:00:00,s01,10.92,13.77
2025-05-10T11:00:00,s02,13.71,12.57
2025-05-10T11:00:00,s03,15.22,18.77
2025-05-10T12:00:00,s01,24.54,16.18
2025-05-10T12:00:00,s02,16.64,11.61
2025-05-10T12:00:00,s03,24.98,13.52
2025-05-10T13:00:00,s01,15.98,16.62
2025-05-10T13:00:00,s02,10.64,18.47
2025-05-10T13:00:00,s03,14.72,12.94
2025-05-10T14:00:00,s01,19.94,14.45
2025-05-10T14:00:00,s02,21.95,16.91
2025-05-10T14:00:00,s03,12.64,19.72
2025-05-10T15:00:00,s01,13.58,16.15
2025-05-10T15:00:00,s02,15.77,13.28
2025-05-10T15:00:00,s03,18.04,12.84
2025-05-10T16:00:00,s01,24.49,13.73
2025-05-10T16:00:00,s02,14.73,19.87
2025-05-10T16:00:00,s03,22.81,13.5
2025-05-10T17:00:00,s01,13.45,17.38
2025-05-10T17:00:00,s02,10.92,11.36
2025-05-10T17:00:00,s03,22.31,18.44
2025-05-10T18:00:00,s01,11.96,10.05
2025-05-10T18:00:00,s02,12.72,14.16
2025-05-10T18:00:00,s03,24.17,18.61
2025-05-10T19:00:00,s01,11.3,10.9
2025-05-10T19:00:00,s02,10.49,18.68
2025-05-10T19:00:00,s03,10.6,19.51
2025-05-10T20:00:00,s01,13,11.25
2025-05-10T20:00:00,s02,10.43,19.31
2025-05-10T20:00:00,s03,22.83,12.86
2025-05-10T21:00:00,s01,12.05,13.93
2025-05-10T21:00:00,s02,13.85,10.83
2025-05-10T21:00:00,s03,23.76,15.02
2025-05-10T22:00:00,s01,16.88,14.02
2025-05-10T22:00:00,s02,18.27,18.2
2025-05-10T22:00:00,s03,11.34,19.56
2025-05-10T23:00:00,s01,12.88,16.64
2025-05-10T23:00:00,s02,20.48,12.31
2025-05-10T23:00:00,s03,24.54,19.66
2025-05-11T00:00:00,s01,10.03,12.5
2025-05-11T00:00:00,s02,21.69,11.39
2025-05-11T00:00:00,s03,12.98,14.63
2025-05-11T01:00:00,s01,22.6,13.19
2025-05-11T01:00:00,s02,13.21,17.09
2025-05-11T01:00:00,s03,16.65,17
2025-05-11T02:00:00,s01,17.31,16.1
2025-05-11T02:00:00,s02,10.73,19.27
2025-05-11T02:00:00,s03,13.33,17.68
2025-05-11T03:00:00,s01,23.79,11.56
2025-05-11T03:00:00,s02,20.49,11.44
2025-05-11T03:00:00,s03,20.3,16.33
2025-05-11T04:00:00,s01,10.45,18.03
2025-05-11T04:00:00,s02,12.58,11.55
2025-05-11T04:00:00,s03,24.43,13.13
2025-05-11T05:00:00,s01,21.64,13.32
2025-05-11T05:00:00,s02,10.6,17.2
2025-05-11T05:00:00,s03,22.49,14.17
2025-05-11T06:00:00,s01,12.02,18.87
2025-05-11T06:00:00,s02,11.85,13.73
2025-05-11T06:00:00,s03,19.19,17.52
2025-05-11T07:00:00,s01,13.23,12.9
2025-05-11T07:00:00,s02,19.9,19.7
2025-05-11T07:00:00,s03,15.03,10.36
2025-05-11T08:00:00,s01,13.7,19.17
2025-05-11T08:00:00,s02,13.48,17.86
2025-05-11T08:00:00,s03,20.3,11.15
2025-05-11T09:00:00,s01,17.38,12.8
2025-05-11T09:00:00,s02,10.25,10.95
2025-05-11T09:00:00,s03,20.02,19.82
2025-05-11T10:00:00,s01,16.26,16.99
2025-05-11T10:00:00,s02,21.45,18.29
2025-05-11T10:00:00,s03,10.06,13.53
2025-05-11T11:00:00,s01,22.88,14.78
2025-05-11T11:00:00,s02,16,12.36
2025-05-11T11:00:00,s03,10.02,14.78
2025-05-11T12:00:00,s01,13.81,12.49
2025-05-11T12:00:00,s02,16.41,13.14
2025-05-11T12:00:00,s03,12.11,10.55
2025-05-11T13:00:00,s01,16.39,11.52
2025-05-11T13:00:00,s02,19.01,14.7
2025-05-11T13:00:00,s03,15.56,11.22
2025-05-11T14:00:00,s01,18.25,18.84
2025-05-11T14:00:00,s02,19.87,16.02
2025-05-11T14:00:00,s03,23.28,11.76
2025-05-11T15:00:00,s01,15.1,18.53
2025-05-11T15:00:00,s02,22.95,19.62
2025-05-11T15:00:00,s03,24.22,14.34
2025-05-11T16:00:00,s01,13.43,16.16
2025-05-11T16:00:00,s02,16.94,12.25
2025-05-11T16:00:00,s03,14.34,14.04
2025-05-11T17:00:00,s01,20.59,19.95
2025-05-11T17:00:00,s02,22.25,10.32
2025-05-11T17:00:00,s03,15.61,10.42
2025-05-11T18:00:00,s01,15.89,16.03
2025-05-11T18:00:00,s02,20.93,14.5
2025-05-11T18:00:00,s03,17.49,13.8
2025-05-11T19:00:00,s01,23.51,16.64
2025-05-11T19:00:00,s02,14.68,15.06
2025-05-11T19:00:00,s03,12.69,17.91
2025-05-11T20:00:00,s01,15.09,15.37
2025-05-11T20:00:00,s02,21.73,13.97
2025-05-11T20:00:00,s03,12.99,16.75
2025-05-11T21:00:00,s01,22.41,12.23
2025-05-11T21:00:00,s02,11.27,11.05
2025-05-11T21:00:00,s03,19.67,12.66
2025-05-11T22:00:00,s01,18.04,16.5
2025-05-11T22:00:00,s02,18.06,13.18
2025-05-11T22:00:00,s03,14.42,11.66
2025-05-11T23:00:00,s01,10.92,12.69
2025-05-11T23:00:00,s02,19.75,17.31
2025-05-11T23:00:00,s03,13.94,19.53
2025-05-12T00:00:00,s01,13.27,12.06
2025-05-12T00:00:00,s02,12.01,10.42
2025-05-12T00:00:00,s03,20.28,16.87
2025-05-12T01:00:00,s01,20.51,19.07
2025-05-12T01:00:00,s02,16.05,12.15
2025-05-12T01:00:00,s03,23.28,16.87
2025-05-12T02:00:00,s01,17.23,17.73
2025-05-12T02:00:00,s02,13.17,15.26
2025-05-12T02:00:00,s03,21.5,15.51
2025-05-12T03:00:00,s01,18.25,19.77
2025-05-12T03:00:00,s02,16.48,19.78
2025-05-12T03:00:00,s03,12.46,17.35
2025-05-12T04:00:00,s01,21.07,18.94
2025-05-12T04:00:00,s02,22.42,14.88
2025-05-12T04:00:00,s03,12.21,11.28
2025-05-12T05:00:00,s01,16.71,15.27
2025-05-12T05:00:00,s02,14.02,10.8
2025-05-12T05:00:00,s03,24.73,15.2
2025-05-12T06:00:00,s01,10.58,16.11
2025-05-12T06:00:00,s02,20.75,15.34
2025-05-12T06:00:00,s03,19.44,13.39
2025-05-12T07:00:00,s01,24.38,12.11
2025-05-12T07:00:00,s02,10.32,13.26
2025-05-12T07:00:00,s03,11.61,17.91
2025-05-12T08:00:00,s01,21.83,16.44
2025-05-12T08:00:00,s02,10.78,13.27
2025-05-12T08:00:00,s03,20.3,15.96
2025-05-12T09:00:00,s01,16.63,14.26
2025-05-12T09:00:00,s02,19.61,12.13
2025-05-12T09:00:00,s03,16.24,16.41
2025-05-12T10:00:00,s01,24.33,13.96
2025-05-12T10:00:00,s02,19.62,10
2025-05-12T10:00:00,s03,22.85,15.26
2025-05-12T11:00:00,s01,18.53,18.69
2025-05-12T11:00:00,s02,17.79,12.76
2025-05-12T11:00:00,s03,23.79,10.95
2025-05-12T12:00:00,s01,21.21,13.84
2025-05-12T12:00:00,s02,21.94,17.64
2025-05-12T12:00:00,s03,15.06,17.58
2025-05-12T13:00:00,s01,12.92,12.13
2025-05-12T13:00:00,s02,15.1,19.22
2025-05-12T13:00:00,s03,15.8,10.84
2025-05-12T14:00:00,s01,18.98,19.1
2025-05-12T14:00:00,s02,19.2,17.13
2025-05-12T14:00:00,s03,11.38,12.43
2025-05-12T15:00:00,s01,16.4,10.97
2025-05-12T15:00:00,s02,12.61,14.97
2025-05-12T15:00:00,s03,11.23,17.12
2025-05-12T16:00:00,s01,15.07,17.78
2025-05-12T16:00:00,s02,15.17,11.54
2025-05-12T16:00:00,s03,23.79,12.09
2025-05-12T17:00:00,s01,11.65,15.91
2025-05-12T17:00:00,s02,19.53,11.43
2025-05-12T17:00:00,s03,21.02,19.7
2025-05-12T18:00:00,s01,24.08,18.97
2025-05-12T18:00:00,s02,23.94,15.77
2025-05-12T18:00:00,s03,11.77,11.68
2025-05-12T19:00:00,s01,21.4,11.99
2025-05-12T19:00:00,s02,15.19,17.65
2025-05-12T19:00:00,s03,17.2,15.64
2025-05-12T20:00:00,s01,14.08,19.68
2025-05-12T20:00:00,s02,23.97,19.94
2025-05-12T20:00:00,s03,16.74,13.46
2025-05-12T21:00:00,s01,15.62,16.21
2025-05-12T21:00:00,s02,24.27,14.55
2025-05-12T21:00:00,s03,18.2,15.14
2025-05-12T22:00:00,s01,19.93,12.98
2025-05-12T22:00:00,s02,15.8,17.6
2025-05-12T22:00:00,s03,13,11.77
2025-05-12T23:00:00,s01,24.69,14.94
2025-05-12T23:00:00,s02,20.72,18.12
2025-05-12T23:00:00,s03,16.91,15.7
2025-05-13T00:00:00,s01,22.42,12.94
2025-05-13T00:00:00,s02,10.49,17.59
2025-05-13T00:00:00,s03,19.43,14.76
2025-05-13T01:00:00,s01,24.31,15.21
2025-05-13T01:00:00,s02,15.82,12.72
2025-05-13T01:00:00,s03,19.04,16.68
2025-05-13T02:00:00,s01,23.42,16.57
2025-05-13T02:00:00,s02,19.88,11.36
2025-05-13T02:00:00,s03,12.96,12.17
2025-05-13T03:00:00,s01,20.56,19.91
2025-05-13T03:00:00,s02,13.02,17.22
2025-05-13T03:00:00,s03,23.84,16.94
2025-05-13T04:00:00,s01,20.19,15.13
2025-05-13T04:00:00,s02,21.93,14.28
2025-05-13T04:00:00,s03,19.16,16.47
2025-05-13T05:00:00,s01,14.58,12.24
2025-05-13T05:00:00,s02,22.7,19.34
2025-05-13T05:00:00,s03,14.01,16.23
2025-05-13T06:00:00,s01,10.84,13.08
2025-05-13T06:00:00,s02,24.43,17.13
2025-05-13T06:00:00,s03,14.91,11.91
2025-05-13T07:00:00,s01,24.82,15.06
2025-05-13T07:00:00,s02,18.37,15.78
2025-05-13T07:00:00,s03,14.66,15.94
2025-05-13T08:00:00,s01,12.98,15.46
2025-05-13T08:00:00,s02,11.77,10.22
2025-05-13T08:00:00,s03,11.06,12.54
2025-05-13T09:00:00,s01,19.97,13.45
2025-05-13T09:00:00,s02,18.53,12.5
2025-05-13T09:00:00,s03,14.31,12.6
2025-05-13T10:00:00,s01,19.93,11.46
2025-05-13T10:00:00,s02,21.73,14.98
2025-05-13T10:00:00,s03,17.98,16.07
2025-05-13T11:00:00,s01,21.11,19.68
2025-05-13T11:00:00,s02,16.49,12.83
2025-05-13T11:00:00,s03,24.75,16.98
2025-05-13T12:00:00,s01,19.62,18.65
2025-05-13T12:00:00,s02,22.76,11.01
2025-05-13T12:00:00,s03,18.83,11.24
2025-05-13T13:00:00,s01,21.34,11.86
2025-05-13T13:00:00,s02,10.05,14.13
2025-05-13T13:00:00,s03,17.61,19.58
2025-05-13T14:00:00,s01,22.92,14.5
2025-05-13T14:00:00,s02,11.18,15.15
2025-05-13T14:00:00,s03,10.8,18.4
2025-05-13T15:00:00,s01,22.79,10.48
2025-05-13T15:00:00,s02,10.16,18.88
2025-05-13T15:00:00,s03,24.93,16.37
2025-05-13T16:00:00,s01,11.76,18.14
2025-05-13T16:00:00,s02,12.07,19.36
2025-05-13T16:00:00,s03,19.4,16.13
2025-05-13T17:00:00,s01,23.14,16.57
2025-05-13T17:00:00,s02,24.13,18.16
2025-05-13T17:00:00,s03,14.2,11.54
2025-05-13T18:00:00,s01,14.99,16.91
2025-05-13T18:00:00,s02,13.43,16.04
2025-05-13T18:00:00,s03,12.87,11.86
2025-05-13T19:00:00,s01,23.98,11.07
2025-05-13T19:00:00,s02,13.91,11.04
2025-05-13T19:00:00,s03,21.96,18.19
2025-05-13T20:00:00,s01,17.34,10.8
2025-05-13T20:00:00,s02,18.89,16.48
2025-05-13T20:00:00,s03,24,17.95
2025-05-13T21:00:00,s01,20.78,10.56
2025-05-13T21:00:00,s02,23.95,11.93
2025-05-13T21:00:00,s03,17.29,12.08
2025-05-13T22:00:00,s01,13.98,13.57
2025-05-13T22:00:00,s02,21.8,18.27
2025-05-13T22:00:00,s03,10.33,11.1
2025-05-13T23:00:00,s01,20.34,11.94
2025-05-13T23:00:00,s02,24.49,11.67
2025-05-13T23:00:00,s03,17.8,16.03
2025-05-14T00:00:00,s01,12.51,19.52
2025-05-14T00:00:00,s02,14.62,16.95
2025-05-14T00:00:00,s03,15.86,14.59
2025-05-14T01:00:00,s01,15.45,16.76
2025-05-14T01:00:00,s02,15.31,14.08
2025-05-14T01:00:00,s03,10.82,19.93
2025-05-14T02:00:00,s01,22.26,14.37
2025-05-14T02:00:00,s02,16.1,13.15
2025-05-14T02:00:00,s03,15.3,12.91
2025-05-14T03:00:00,s01,17.25,13.06
2025-05-14T03:00:00,s02,11.6,14.09
2025-05-14T03:00:00,s03,16.76,13.64
2025-05-14T04:00:00,s01,13.06,10.68
2025-05-14T04:00:00,s02,15.11,14.68
2025-05-14T04:00:00,s03,22.88,13.3
2025-05-14T05:00:00,s01,16.26,10.75
2025-05-14T05:00:00,s02,23.68,17.63
2025-05-14T05:00:00,s03,13.46,18.09
2025-05-14T06:00:00,s01,13.02,19.91
2025-05-14T06:00:00,s02,21.56,12.69
2025-05-14T06:00:00,s03,23.5,15.96
2025-05-14T07:00:00,s01,14.96,11.16
2025-05-14T07:00:00,s02,15.91,12.79
2025-05-14T07:00:00,s03,22.76,12.16
2025-05-14T08:00:00,s01,24.19,17.84
2025-05-14T08:00:00,s02,17.79,18.62
2025-05-14T08:00:00,s03,19.02,16
2025-05-14T09:00:00,s01,11.88,19.58
2025-05-14T09:00:00,s02,13.99,17.18
2025-05-14T09:00:00,s03,20.65,11.19
2025-05-14T10:00:00,s01,12.25,15.85
2025-05-14T10:00:00,s02,22.75,13.82
2025-05-14T10:00:00,s03,16.53,18.92
2025-05-14T11:00:00,s01,10.45,11.74
2025-05-14T11:00:00,s02,21.58,12.82
2025-05-14T11:00:00,s03,14.64,16.7
2025-05-14T12:00:00,s01,16.61,15.29
2025-05-14T12:00:00,s02,19.77,11.8
2025-05-14T12:00:00,s03,15.97,12.76
2025-05-14T13:00:00,s01,11.6,14.25
2025-05-14T13:00:00,s02,12.82,11.85
2025-05-14T13:00:00,s03,24.48,18.62
2025-05-14T14:00:00,s01,22.21,19.08
2025-05-14T14:00:00,s02,16.79,10.24
2025-05-14T14:00:00,s03,12.51,19.54
2025-05-14T15:00:00,s01,24.77,12.85
2025-05-14T15:00:00,s02,23.85,19.83
2025-05-14T15:00:00,s03,11.75,10.67
2025-05-14T16:00:00,s01,24.34,19.32
2025-05-14T16:00:00,s02,14.03,13.08
2025-05-14T16:00:00,s03,16.07,14.16
2025-05-14T17:00:00,s01,20.69,14.8
2025-05-14T17:00:00,s02,17.63,14.49
2025-05-14T17:00:00,s03,22.38,16.02
2025-05-14T18:00:00,s01,21.24,18.99
2025-05-14T18:00:00,s02,13.86,12.18
2025-05-14T18:00:00,s03,12.91,12.49
2025-05-14T19:00:00,s01,10.72,12.92
2025-05-14T19:00:00,s02,20.18,13.41
2025-05-14T19:00:00,s03,13.87,12.81
2025-05-14T20:00:00,s01,18.41,13.45
2025-05-14T20:00:00,s02,20.46,13.15
2025-05-14T20:00:00,s03,22.43,12.08
2025-05-14T21:00:00,s01,19.42,14.54
2025-05-14T21:00:00,s02,16.34,13.12
2025-05-14T21:00:00,s03,17.89,10.97
2025-05-14T22:00:00,s01,11.37,11.9
2025-05-14T22:00:00,s02,15.71,16.21
2025-05-14T22:00:00,s03,15.4,11.84
2025-05-14T23:00:00,s01,16.52,18.49
2025-05-14T23:00:00,s02,11.77,19.07
2025-05-14T23:00:00,s03,16.53,13.71
2025-05-15T00:00:00,s01,20.86,18.27
2025-05-15T00:00:00,s02,19.94,11.17
2025-05-15T00:00:00,s03,19.04,14.63
2025-05-15T01:00:00,s01,13.46,10.84
2025-05-15T01:00:00,s02,21.05,14.47
2025-05-15T01:00:00,s03,15.85,12.72
2025-05-15T02:00:00,s01,12.32,16.68
2025-05-15T02:00:00,s02,24.77,16.94
2025-05-15T02:00:00,s03,17.81,10.69
2025-05-15T03:00:00,s01,16.47,10.52
2025-05-15T03:00:00,s02,10.12,10.58
2025-05-15T03:00:00,s03,18.97,18.96
2025-05-15T04:00:00,s01,10.67,12.61
2025-05-15T04:00:00,s02,13.74,10.01
2025-05-15T04:00:00,s03,22.22,15.47
2025-05-15T05:00:00,s01,20.34,11.35
2025-05-15T05:00:00,s02,15.24,15.29
2025-05-15T05:00:00,s03,14.9,11.43
2025-05-15T06:00:00,s01,12.02,11.7
2025-05-15T06:00:00,s02,18.44,12.69
2025-05-15T06:00:00,s03,13.38,19.81
2025-05-15T07:00:00,s01,18.26,19.37
2025-05-15T07:00:00,s02,16.77,10.86
2025-05-15T07:00:00,s03,13.65,12.11
2025-05-15T08:00:00,s01,14.62,17.27
2025-05-15T08:00:00,s02,23.24,19.74
2025-05-15T08:00:00,s03,12.56,10.84
2025-05-15T09:00:00,s01,24.23,15.96
2025-05-15T09:00:00,s02,15.56,17
2025-05-15T09:00:00,s03,10.51,14.16
2025-05-15T10:00:00,s01,14.84,13.63
2025-05-15T10:00:00,s02,10.7,15.73
2025-05-15T10:00:00,s03,19.18,14.25
2025-05-15T11:00:00,s01,10.9,10.28
2025-05-15T11:00:00,s02,21.43,15.27
2025-05-15T11:00:00,s03,22.71,19.06
2025-05-15T12:00:00,s01,21.15,12.33
2025-05-15T12:00:00,s02,19.66,17.71
2025-05-15T12:00:00,s03,15.61,18.35
2025-05-15T13:00:00,s01,15.14,19.28
2025-05-15T13:00:00,s02,23.69,13.6
2025-05-15T13:00:00,s03,21.21,15.53
2025-05-15T14:00:00,s01,11.57,11.99
2025-05-15T14:00:00,s02,16.11,10.55
2025-05-15T14:00:00,s03,10.97,13.85
2025-05-15T15:00:00,s01,24.7,19.4
2025-05-15T15:00:00,s02,11.66,12.55
2025-05-15T15:00:00,s03,12.63,18.48
2025-05-15T16:00:00,s01,12.66,14.17
2025-05-15T16:00:00,s02,24.79,13.51
2025-05-15T16:00:00,s03,11.2,17.64
2025-05-15T17:00:00,s01,24.21,15.3
2025-05-15T17:00:00,s02,10.06,17.12
2025-05-15T17:00:00,s03,18.96,12.65
2025-05-15T18:00:00,s01,22.59,12.95
2025-05-15T18:00:00,s02,23.63,19.36
2025-05-15T18:00:00,s03,13.7,10.68
2025-05-15T19:00:00,s01,22.78,17.83
2025-05-15T19:00:00,s02,19.35,13.1
2025-05-15T19:00:00,s03,23.94,14.04
2025-05-15T20:00:00,s01,22.89,17
2025-05-15T20:00:00,s02,15.62,15.78
2025-05-15T20:00:00,s03,22.32,18.78
2025-05-15T21:00:00,s01,16.59,16.99
2025-05-15T21:00:00,s02,12.79,17.3
2025-05-15T21:00:00,s03,23.31,16.73
2025-05-15T22:00:00,s01,11.02,13.72
2025-05-15T22:00:00,s02,17.33,13.38
2025-05-15T22:00:00,s03,18.57,19.38
2025-05-15T23:00:00,s01,14.72,17.75
2025-05-15T23:00:00,s02,12.25,13.76
2025-05-15T23:00:00,s03,12.07,10.34
